<?xml version="1.0" encoding="UTF-8"?>

<beans xmlns="http://www.springframework.org/schema/beans"
	xmlns:xsi="http://www.w3.org/2001/XMLSchema-instance"
	xmlns:mvc="http://www.springframework.org/schema/mvc"
	xmlns:context="http://www.springframework.org/schema/context"
	xmlns:security="http://www.springframework.org/schema/security"
	xsi:schemaLocation="http://www.springframework.org/schema/security http://www.springframework.org/schema/security/spring-security-3.1.xsd
		http://www.springframework.org/schema/mvc http://www.springframework.org/schema/mvc/spring-mvc.xsd
		http://www.springframework.org/schema/beans http://www.springframework.org/schema/beans/spring-beans.xsd
		http://www.springframework.org/schema/context http://www.springframework.org/schema/context/spring-context.xsd">

	<!-- 컨트롤러 설정 -->
	<context:component-scan base-package="main.controller" />
	<context:component-scan base-package="product.controller" />
	<context:component-scan base-package="member.controller" />
	<context:component-scan base-package="board.controller" />
	<context:component-scan base-package="mail.controller" />

	<mvc:annotation-driven />
	<mvc:default-servlet-handler />

	<mvc:resources mapping="/resources/**" location="/resources/css_main/" />
	<mvc:resources mapping="/resources/**" location="/resources/images_main/" />
	<mvc:resources mapping="/resources/**" location="/resources/js_bt/" />
	<mvc:resources mapping="/resources/**" location="/resources/js_kendo/" />
	<mvc:resources mapping="/resources/**" location="/resources/js_main/" />

	<mvc:resources mapping="/image/**" location="/image/" />
	<mvc:resources mapping="/js/**" location="/image/" />
	<mvc:resources mapping="/css/**" location="/image/" />

	<bean class="org.springframework.web.servlet.view.InternalResourceViewResolver">
		<property name="suffix" value=".jsp" />
	</bean>
	
	<bean id="multipartResolver" class="org.springframework.web.multipart.commons.CommonsMultipartResolver">
		<property name="maxUploadSize" value="52428800000000" />
	</bean>
	
	<security:global-method-security secured-annotations="enabled"/>
</beans>
