<?xml version="1.0" encoding="UTF-8"?>
<!DOCTYPE configuration
PUBLIC "-//mybatis.org//DTD Config 3.0//EN"
"http://mybatis.org/dtd/mybatis-3-config.dtd">

<configuration>
	<typeAliases>
		<typeAlias type="member.bean.MemberDTO" alias="member"/>
		<typeAlias type="member.bean.ZipcodeDTO" alias="zipcode"/>
		<typeAlias type="product.bean.ProductDTO" alias="product"/>
		<typeAlias type="product.bean.SchedulesDTO" alias="schedules"/>
		<typeAlias type="product.bean.BankDTO" alias="bank"/>
		<typeAlias type="product.bean.TravelReviewDTO" alias="review"/>
		<typeAlias type="member.bean.ReserveListDTO" alias="reserveList"/>
		<typeAlias type="board.bean.BoardDTO" alias="board"/>
	</typeAliases>
	
	<mappers>
		<mapper resource="member/dao/memberMapper.xml"/>
		<mapper resource="product/dao/productMapper.xml"/>
		<mapper resource="board/dao/boardMapper.xml"/>
	</mappers>
</configuration>