<?xml version="1.0" encoding="UTF-8"?>
<beans:beans xmlns="http://www.springframework.org/schema/security"
 xmlns:beans="http://www.springframework.org/schema/beans" xmlns:xsi="http://www.w3.org/2001/XMLSchema-instance"
 xmlns:p="http://www.springframework.org/schema/p" xmlns:util="http://www.springframework.org/schema/util"
 xsi:schemaLocation="http://www.springframework.org/schema/beans 
  http://www.springframework.org/schema/beans/spring-beans-3.1.xsd
  http://www.springframework.org/schema/security 
  http://www.springframework.org/schema/security/spring-security-3.1.xsd
  http://www.springframework.org/schema/util 
  http://www.springframework.org/schema/util/spring-util-3.1.xsd">

  	<http auto-config="true" use-expressions="true">
<!-- 	<intercept-url pattern="/index.do" access="hasRole('ROLE_USER')" />
		<intercept-url pattern="/**" access="permitAll" />	 -->
		<form-login login-page="/loginForm.do"
					login-processing-url="/login.do"
					authentication-success-handler-ref="userLoginSuccessHandler"
					authentication-failure-handler-ref="userLoginFailureHandler"
   					username-parameter="memId"
   					password-parameter="memPwd" />
   		
   		<session-management invalid-session-url="/loginForm.do">
 			<concurrency-control error-if-maximum-exceeded="true" max-sessions="1" expired-url="/loginForm.do"/>
		</session-management>
		<logout delete-cookies="true" logout-success-url="/loginForm.do" logout-url="/logout.do" invalidate-session="true"/>
		<access-denied-handler ref="userDeniedHandler"/>
	</http>
	
	<!-- <jdbc-user-service data-source-ref="dataSource" id="userService"
	users-by-username-query="SELECT EMAIL as username, PASSWD as password,ENABLED as enabled FROM user1 WHERE EMAIL=?"
	authorities-by-username-query="SELECT EMAIL as username, AUTHORITY AS authority FROM user1 u WHERE EMAIL=?"/>
	 -->
	 
	<beans:bean id="userService" class="member.bean.UserAuthenticationService"/>

	<authentication-manager alias="authenticationManager">
		<authentication-provider user-service-ref="userService">
			<password-encoder ref="passwordEncoder">
				<salt-source user-property="username"/>
			</password-encoder>
		</authentication-provider>
	</authentication-manager>
	
	<!-- 로그인 성공, 실패시 페이지 이동 -->
	<beans:bean id="userLoginSuccessHandler" class="member.bean.UserLoginSuccessHandler"/>
	<beans:bean id="userLoginFailureHandler" class="member.bean.UserLoginFailureHandler"/> 
	<beans:bean id="userDeniedHandler" class="member.bean.UserDeniedHandler"/> 
	
	<!-- sha256암호화 -->
	<beans:bean id="passwordEncoder" class="org.springframework.security.authentication.encoding.ShaPasswordEncoder">
  	<beans:constructor-arg name="strength" value="256"></beans:constructor-arg>
</beans:bean>
</beans:beans> 